{
	"credit": "Made with Blockbench",
	"textures": {
		"0": "block/stripped_mangrove_log",
		"particle": "block/stripped_mangrove_log"
	},
	"display":
	{
		"head":
		{
			"scale": [2, 2, 2],
			"translation": [0, 10, 0]
		}
	},
	"elements": [
		{
			"from": [-6, 0, -16],
			"to": [22, 4, 32],
			"rotation": {"angle": 0, "axis": "y", "origin": [8, 5.5, 8.25]},
			"faces": {
				"north": {"uv": [0, 0, 16, 4], "texture": "#0"},
				"east": {"uv": [0, 0, 16, 4], "texture": "#0"},
				"south": {"uv": [0, 0, 16, 4], "texture": "#0"},
				"west": {"uv": [0, 0, 16, 4], "texture": "#0"},
				"up": {"uv": [0, 0, 16, 16], "texture": "#0"},
				"down": {"uv": [0, 0, 16, 16], "texture": "#0"}
			}
		},
		{
			"from": [-6, 4, -14],
			"to": [22, 7, -9],
			"rotation": {"angle": 0, "axis": "y", "origin": [8, 5.5, -5.75]},
			"faces": {
				"north": {"uv": [0, 0, 16, 3], "texture": "#0"},
				"east": {"uv": [0, 0, 5, 3], "texture": "#0"},
				"south": {"uv": [0, 0, 16, 3], "texture": "#0"},
				"west": {"uv": [0, 0, 5, 3], "texture": "#0"},
				"up": {"uv": [0, 0, 16, 5], "texture": "#0"},
				"down": {"uv": [0, 0, 16, 5], "texture": "#0"}
			}
		},
		{
			"from": [-4, 4, 1],
			"to": [20, 9, 10],
			"rotation": {"angle": 0, "axis": "y", "origin": [8, 5.5, 8.25]},
			"faces": {
				"north": {"uv": [0, 0, 16, 5], "texture": "#0"},
				"east": {"uv": [0, 0, 9, 5], "texture": "#0"},
				"south": {"uv": [0, 0, 16, 5], "texture": "#0"},
				"west": {"uv": [0, 0, 9, 5], "texture": "#0"},
				"up": {"uv": [0, 0, 16, 9], "texture": "#0"},
				"down": {"uv": [0, 0, 16, 9], "texture": "#0"}
			}
		},
		{
			"from": [-4, 4, 20],
			"to": [20, 9, 29],
			"rotation": {"angle": 0, "axis": "y", "origin": [8, 5.5, 27.25]},
			"faces": {
				"north": {"uv": [0, 0, 16, 5], "texture": "#0"},
				"east": {"uv": [0, 0, 9, 5], "texture": "#0"},
				"south": {"uv": [0, 0, 16, 5], "texture": "#0"},
				"west": {"uv": [0, 0, 9, 5], "texture": "#0"},
				"up": {"uv": [0, 0, 16, 9], "texture": "#0"},
				"down": {"uv": [0, 0, 16, 9], "texture": "#0"}
			}
		},
		{
			"from": [-6, 7, -11],
			"to": [22, 15, -9],
			"rotation": {"angle": 0, "axis": "y", "origin": [8, 5.5, -2.75]},
			"faces": {
				"north": {"uv": [0, 0, 16, 8], "texture": "#0"},
				"east": {"uv": [0, 0, 2, 8], "texture": "#0"},
				"south": {"uv": [0, 0, 16, 8], "texture": "#0"},
				"west": {"uv": [0, 0, 2, 8], "texture": "#0"},
				"up": {"uv": [0, 0, 16, 2], "texture": "#0"},
				"down": {"uv": [0, 0, 16, 2], "texture": "#0"}
			}
		},
		{
			"from": [-4, 4, 10],
			"to": [20, 18, 12],
			"rotation": {"angle": 0, "axis": "y", "origin": [8, 5.5, 8.25]},
			"faces": {
				"north": {"uv": [0, 0, 16, 14], "texture": "#0"},
				"east": {"uv": [0, 0, 2, 14], "texture": "#0"},
				"south": {"uv": [0, 0, 16, 14], "texture": "#0"},
				"west": {"uv": [0, 0, 2, 14], "texture": "#0"},
				"up": {"uv": [0, 0, 16, 2], "texture": "#0"},
				"down": {"uv": [0, 0, 16, 2], "texture": "#0"}
			}
		},
		{
			"from": [-4, 4, 29],
			"to": [20, 18, 31],
			"rotation": {"angle": 0, "axis": "y", "origin": [8, 5.5, 27.25]},
			"faces": {
				"north": {"uv": [0, 0, 16, 14], "texture": "#0"},
				"east": {"uv": [0, 0, 2, 14], "texture": "#0"},
				"south": {"uv": [0, 0, 16, 14], "texture": "#0"},
				"west": {"uv": [0, 0, 2, 14], "texture": "#0"},
				"up": {"uv": [0, 0, 16, 2], "texture": "#0"},
				"down": {"uv": [0, 0, 16, 2], "texture": "#0"}
			}
		},
		{
			"from": [-6, 4, 1],
			"to": [-4, 15, 12],
			"rotation": {"angle": 0, "axis": "y", "origin": [-1, 5.5, 4.25]},
			"faces": {
				"north": {"uv": [0, 0, 2, 11], "texture": "#0"},
				"east": {"uv": [0, 0, 11, 11], "texture": "#0"},
				"south": {"uv": [0, 0, 2, 11], "texture": "#0"},
				"west": {"uv": [0, 0, 11, 11], "texture": "#0"},
				"up": {"uv": [0, 0, 2, 11], "texture": "#0"},
				"down": {"uv": [0, 0, 2, 11], "texture": "#0"}
			}
		},
		{
			"from": [-6, 4, 20],
			"to": [-4, 15, 31],
			"rotation": {"angle": 0, "axis": "y", "origin": [-1, 5.5, 23.25]},
			"faces": {
				"north": {"uv": [0, 0, 2, 11], "texture": "#0"},
				"east": {"uv": [0, 0, 11, 11], "texture": "#0"},
				"south": {"uv": [0, 0, 2, 11], "texture": "#0"},
				"west": {"uv": [0, 0, 11, 11], "texture": "#0"},
				"up": {"uv": [0, 0, 2, 11], "texture": "#0"},
				"down": {"uv": [0, 0, 2, 11], "texture": "#0"}
			}
		},
		{
			"from": [20, 4, 1],
			"to": [22, 15, 12],
			"rotation": {"angle": 0, "axis": "y", "origin": [25, 5.5, 4.25]},
			"faces": {
				"north": {"uv": [0, 0, 2, 11], "texture": "#0"},
				"east": {"uv": [0, 0, 11, 11], "texture": "#0"},
				"south": {"uv": [0, 0, 2, 11], "texture": "#0"},
				"west": {"uv": [0, 0, 11, 11], "texture": "#0"},
				"up": {"uv": [0, 0, 2, 11], "texture": "#0"},
				"down": {"uv": [0, 0, 2, 11], "texture": "#0"}
			}
		},
		{
			"from": [20, 4, 20],
			"to": [22, 15, 31],
			"rotation": {"angle": 0, "axis": "y", "origin": [25, 5.5, 23.25]},
			"faces": {
				"north": {"uv": [0, 0, 2, 11], "texture": "#0"},
				"east": {"uv": [0, 0, 11, 11], "texture": "#0"},
				"south": {"uv": [0, 0, 2, 11], "texture": "#0"},
				"west": {"uv": [0, 0, 11, 11], "texture": "#0"},
				"up": {"uv": [0, 0, 2, 11], "texture": "#0"},
				"down": {"uv": [0, 0, 2, 11], "texture": "#0"}
			}
		}
	]
}